"","sex","N","avg","median","sd"
"1","f",483,46.6714699792961,51,16.2532415315472
"2","m",400,39.8549,42.85,13.4869448056436
