"","predictor","N","avg","median","sd"
"1","other",31,68.8129032258065,71,5.79987022472537
"2","talek",139,63.2309352517986,62.5,6.69938185468687
"3","f",86,64.0523255813954,63,7.10316792199395
"4","m",84,64.45,65.25,6.67418150750942
